x,y
0.0,
0.08152173913043478,
0.16304347826086957,
0.24456521739130432,
0.32608695652173914,
0.4076086956521739,
0.48913043478260865,
0.5706521739130435,
0.6521739130434783,
0.733695652173913,
0.8152173913043478,
0.8967391304347826,
0.9782608695652173,
1.059782608695652,
1.141304347826087,
1.2228260869565217,
1.3043478260869565,
1.3858695652173911,
1.467391304347826,
1.5489130434782608,
1.6304347826086956,
1.7119565217391304,
1.7934782608695652,
1.8749999999999998,
1.9565217391304346,
2.0380434782608696,
2.119565217391304,
2.201086956521739,
2.282608695652174,
2.3641304347826084,
2.4456521739130435,
2.527173913043478,
2.608695652173913,
2.6902173913043477,
2.7717391304347823,
2.8532608695652173,
2.934782608695652,
3.016304347826087,
3.0978260869565215,
3.179347826086956,
3.260869565217391,
3.3423913043478257,
3.4239130434782608,
3.5054347826086953,
3.5869565217391304,
3.668478260869565,
3.7499999999999996,
3.8315217391304346,
3.913043478260869,
3.994565217391304,
4.076086956521739,
4.157608695652174,
4.239130434782608,
4.320652173913043,
4.402173913043478,
4.483695652173913,
4.565217391304348,
4.646739130434782,
4.728260869565217,48.1404958677686
4.809782608695651,48.1404958677686
4.891304347826087,47.93388429752066
4.9728260869565215,48.1404958677686
5.054347826086956,47.93388429752066
5.135869565217391,47.5206611570248
5.217391304347826,48.243801652892564
5.298913043478261,47.62396694214876
5.380434782608695,47.31404958677686
5.46195652173913,47.107438016528924
5.5434782608695645,45.97107438016529
5.625,45.04132231404959
5.706521739130435,45.557851239669425
5.788043478260869,45.66115702479339
5.869565217391304,44.93801652892562
5.951086956521738,44.62809917355372
6.032608695652174,44.00826446280992
6.114130434782608,43.49173553719008
6.195652173913043,43.59504132231405
6.277173913043478,42.871900826446286
6.358695652173912,42.97520661157025
6.440217391304348,42.25206611570248
6.521739130434782,41.425619834710744
6.603260869565217,41.52892561983471
6.684782608695651,40.18595041322314
6.766304347826087,40.909090909090914
6.8478260869565215,39.25619834710744
6.929347826086956,39.77272727272727
7.010869565217391,39.56611570247934
7.092391304347825,38.63636363636364
7.173913043478261,38.84297520661157
7.255434782608695,38.32644628099174
7.33695652173913,37.70661157024794
7.4184782608695645,35.743801652892564
7.499999999999999,37.086776859504134
7.581521739130435,36.77685950413223
7.663043478260869,36.46694214876033
7.744565217391304,35.22727272727273
7.826086956521738,35.84710743801653
7.907608695652173,34.710743801652896
7.989130434782608,35.22727272727273
8.070652173913043,34.400826446280995
8.152173913043478,34.09090909090909
8.233695652173912,33.574380165289256
8.315217391304348,33.67768595041323
8.396739130434781,32.95454545454545
8.478260869565217,32.54132231404959
8.559782608695652,32.43801652892562
8.641304347826086,32.12809917355372
8.722826086956522,31.714876033057852
8.804347826086955,30.991735537190085
8.88586956521739,30.888429752066116
8.967391304347826,30.371900826446282
9.04891304347826,30.06198347107438
9.130434782608695,29.648760330578515
9.211956521739129,29.235537190082646
9.293478260869565,28.615702479338843
9.375,28.615702479338843
9.456521739130434,28.202479338842977
9.53804347826087,27.479338842975206
9.619565217391303,27.37603305785124
9.701086956521738,26.446280991735538
9.782608695652174,26.34297520661157
9.864130434782608,26.03305785123967
9.945652173913043,25.0
10.027173913043477,24.896694214876035
10.108695652173912,25.10330578512397
10.190217391304348,24.380165289256198
10.271739130434781,24.483471074380166
10.353260869565217,24.380165289256198
10.434782608695652,23.863636363636363
10.516304347826086,24.0702479338843
10.597826086956522,23.450413223140497
10.679347826086955,23.863636363636363
10.76086956521739,23.037190082644628
10.842391304347826,23.243801652892564
10.92391304347826,23.140495867768596
11.005434782608695,23.037190082644628
11.086956521739129,22.623966942148762
11.168478260869565,23.037190082644628
11.25,22.520661157024794
11.331521739130434,22.727272727272727
11.41304347826087,22.623966942148762
11.494565217391303,22.417355371900825
11.576086956521738,22.417355371900825
11.657608695652174,22.210743801652892
11.739130434782608,22.107438016528928
11.820652173913043,22.00413223140496
11.902173913043477,21.487603305785125
11.983695652173912,21.694214876033058
12.065217391304348,21.384297520661157
12.146739130434781,21.384297520661157
12.228260869565217,21.384297520661157
12.30978260869565,20.66115702479339
12.391304347826086,20.867768595041323
12.472826086956522,20.66115702479339
12.554347826086955,20.867768595041323
12.63586956521739,20.24793388429752
12.717391304347824,20.454545454545457
12.79891304347826,20.35123966942149
12.880434782608695,20.35123966942149
12.961956521739129,20.144628099173556
13.043478260869565,19.731404958677686
13.125,19.93801652892562
13.206521739130434,19.731404958677686
13.28804347826087,19.62809917355372
13.369565217391303,19.31818181818182
13.451086956521738,19.421487603305785
13.532608695652174,18.90495867768595
13.614130434782608,18.388429752066116
13.695652173913043,18.388429752066116
13.777173913043477,18.285123966942148
13.858695652173912,18.698347107438018
13.940217391304348,18.078512396694215
14.021739130434781,18.181818181818183
14.103260869565217,18.181818181818183
14.18478260869565,18.181818181818183
14.266304347826086,18.181818181818183
14.347826086956522,17.871900826446282
14.429347826086955,17.871900826446282
14.51086956521739,17.66528925619835
14.592391304347824,17.56198347107438
14.67391304347826,17.25206611570248
14.755434782608695,17.355371900826448
14.836956521739129,17.25206611570248
14.918478260869565,16.838842975206614
14.999999999999998,16.425619834710744
15.081521739130434,16.735537190082646
15.16304347826087,16.94214876033058
15.244565217391303,16.735537190082646
15.326086956521738,17.14876033057851
15.407608695652172,17.14876033057851
15.489130434782608,17.045454545454547
15.570652173913043,17.14876033057851
15.652173913043477,16.94214876033058
15.733695652173912,17.25206611570248
15.815217391304346,17.355371900826448
15.896739130434781,17.355371900826448
15.978260869565217,17.56198347107438
16.059782608695652,17.66528925619835
16.141304347826086,17.66528925619835
16.22282608695652,17.768595041322314
16.304347826086957,17.768595041322314
16.38586956521739,17.66528925619835
16.467391304347824,17.66528925619835
16.548913043478258,17.458677685950413
16.630434782608695,18.078512396694215
16.71195652173913,17.768595041322314
16.793478260869563,18.181818181818183
16.875,18.181818181818183
16.956521739130434,18.285123966942148
17.038043478260867,18.285123966942148
17.119565217391305,17.975206611570247
17.20108695652174,18.388429752066116
17.282608695652172,18.181818181818183
17.364130434782606,18.181818181818183
17.445652173913043,18.59504132231405
17.527173913043477,18.698347107438018
17.60869565217391,18.491735537190085
17.690217391304348,18.801652892561982
17.77173913043478,18.388429752066116
17.853260869565215,18.90495867768595
17.934782608695652,18.90495867768595
18.016304347826086,19.00826446280992
18.09782608695652,18.59504132231405
18.179347826086957,19.111570247933884
18.26086956521739,19.111570247933884
18.342391304347824,19.00826446280992
18.423913043478258,18.801652892561982
18.505434782608695,19.214876033057852
18.58695652173913,18.90495867768595
18.668478260869563,19.421487603305785
18.75,19.524793388429753
18.831521739130434,19.524793388429753
18.913043478260867,19.62809917355372
18.994565217391305,19.31818181818182
19.07608695652174,19.421487603305785
19.157608695652172,19.524793388429753
19.239130434782606,19.834710743801654
19.320652173913043,19.834710743801654
19.402173913043477,19.93801652892562
19.48369565217391,20.041322314049587
19.565217391304348,20.041322314049587
19.64673913043478,19.731404958677686
19.728260869565215,20.041322314049587
19.809782608695652,20.144628099173556
19.891304347826086,20.144628099173556
19.97282608695652,20.35123966942149
20.054347826086953,20.454545454545457
20.13586956521739,20.041322314049587
20.217391304347824,20.66115702479339
20.298913043478258,20.454545454545457
20.380434782608695,20.764462809917354
20.46195652173913,20.55785123966942
20.543478260869563,20.66115702479339
20.625,21.074380165289256
20.706521739130434,20.867768595041323
20.788043478260867,21.177685950413224
20.869565217391305,21.280991735537192
20.95108695652174,20.97107438016529
21.032608695652172,21.280991735537192
21.114130434782606,21.487603305785125
21.195652173913043,21.59090909090909
21.277173913043477,21.694214876033058
21.35869565217391,21.384297520661157
21.440217391304348,21.90082644628099
21.52173913043478,21.694214876033058
21.603260869565215,22.00413223140496
21.684782608695652,21.487603305785125
21.766304347826086,21.59090909090909
21.84782608695652,22.210743801652892
21.929347826086953,22.210743801652892
22.01086956521739,22.210743801652892
22.092391304347824,22.520661157024794
22.173913043478258,22.210743801652892
22.255434782608695,22.520661157024794
22.33695652173913,22.727272727272727
22.418478260869563,22.830578512396695
22.5,22.933884297520663
22.581521739130434,22.830578512396695
22.663043478260867,23.037190082644628
22.7445652173913,23.140495867768596
22.82608695652174,23.243801652892564
22.907608695652172,22.933884297520663
22.989130434782606,23.450413223140497
23.070652173913043,23.34710743801653
23.152173913043477,23.553719008264462
23.23369565217391,23.65702479338843
23.315217391304348,23.7603305785124
23.39673913043478,23.7603305785124
23.478260869565215,23.863636363636363
23.559782608695652,23.96694214876033
23.641304347826086,23.65702479338843
23.72282608695652,24.173553719008265
23.804347826086953,24.276859504132233
23.88586956521739,24.276859504132233
23.967391304347824,24.0702479338843
24.048913043478258,24.483471074380166
24.130434782608695,24.586776859504134
24.21195652173913,24.586776859504134
24.293478260869563,24.586776859504134
24.375,24.793388429752067
24.456521739130434,24.896694214876035
24.538043478260867,25.0
24.6195652173913,25.0
24.70108695652174,25.10330578512397
24.782608695652172,25.206611570247933
24.864130434782606,25.3099173553719
24.945652173913043,25.3099173553719
25.027173913043477,25.206611570247933
25.10869565217391,25.10330578512397
25.190217391304348,25.516528925619834
25.27173913043478,25.619834710743802
25.353260869565215,25.41322314049587
25.43478260869565,25.619834710743802
25.516304347826086,25.826446280991735
25.59782608695652,25.516528925619834
25.679347826086953,25.929752066115704
25.76086956521739,25.826446280991735
25.842391304347824,26.03305785123967
25.923913043478258,26.03305785123967
26.005434782608695,25.826446280991735
26.08695652173913,26.136363636363637
26.168478260869563,25.826446280991735
26.25,26.34297520661157
26.331521739130434,26.446280991735538
26.413043478260867,26.239669421487605
26.4945652173913,26.549586776859506
26.57608695652174,26.549586776859506
26.657608695652172,26.34297520661157
26.739130434782606,26.446280991735538
26.820652173913043,26.962809917355372
26.902173913043477,26.962809917355372
26.98369565217391,26.962809917355372
27.065217391304348,27.06611570247934
27.14673913043478,26.962809917355372
27.228260869565215,26.859504132231407
27.30978260869565,27.272727272727273
27.391304347826086,27.272727272727273
27.47282608695652,27.37603305785124
27.554347826086953,27.479338842975206
27.63586956521739,27.272727272727273
27.717391304347824,27.479338842975206
27.798913043478258,27.685950413223143
27.880434782608695,27.685950413223143
27.96195652173913,27.272727272727273
28.043478260869563,27.37603305785124
28.124999999999996,27.37603305785124
28.206521739130434,27.789256198347108
28.288043478260867,28.09917355371901
28.3695652173913,28.09917355371901
28.45108695652174,28.09917355371901
28.532608695652172,28.202479338842977
28.614130434782606,28.202479338842977
28.695652173913043,28.40909090909091
28.777173913043477,27.892561983471076
28.85869565217391,28.51239669421488
28.940217391304344,28.615702479338843
29.02173913043478,28.40909090909091
29.103260869565215,28.71900826446281
29.18478260869565,28.615702479338843
29.266304347826086,28.822314049586776
29.34782608695652,28.925619834710744
29.429347826086953,28.71900826446281
29.51086956521739,29.028925619834713
29.592391304347824,29.132231404958677
29.673913043478258,28.822314049586776
29.755434782608695,29.028925619834713
29.83695652173913,28.822314049586776
29.918478260869563,29.338842975206614
29.999999999999996,29.235537190082646
30.081521739130434,29.338842975206614
30.163043478260867,29.235537190082646
30.2445652173913,29.132231404958677
30.32608695652174,28.71900826446281
30.407608695652172,28.615702479338843
30.489130434782606,28.51239669421488
30.570652173913043,28.09917355371901
30.652173913043477,27.892561983471076
30.73369565217391,27.582644628099175
30.815217391304344,26.859504132231407
30.89673913043478,27.169421487603305
30.978260869565215,26.136363636363637
31.05978260869565,26.962809917355372
31.141304347826086,26.446280991735538
31.22282608695652,26.34297520661157
31.304347826086953,25.72314049586777
31.38586956521739,25.72314049586777
31.467391304347824,25.41322314049587
31.548913043478258,25.41322314049587
31.630434782608692,24.6900826446281
31.71195652173913,25.0
31.793478260869563,24.586776859504134
31.874999999999996,24.586776859504134
31.956521739130434,23.553719008264462
32.03804347826087,24.173553719008265
32.119565217391305,23.863636363636363
32.201086956521735,23.243801652892564
32.28260869565217,23.450413223140497
32.36413043478261,23.243801652892564
32.44565217391304,22.727272727272727
32.52717391304348,22.520661157024794
32.608695652173914,22.727272727272727
32.690217391304344,22.210743801652892
32.77173913043478,21.90082644628099
32.85326086956522,22.210743801652892
32.93478260869565,21.90082644628099
33.016304347826086,20.66115702479339
33.097826086956516,20.867768595041323
33.17934782608695,21.280991735537192
33.26086956521739,20.66115702479339
33.34239130434782,20.764462809917354
33.42391304347826,19.834710743801654
33.505434782608695,20.35123966942149
33.586956521739125,19.62809917355372
33.66847826086956,20.041322314049587
33.75,19.62809917355372
33.83152173913043,18.90495867768595
33.91304347826087,19.214876033057852
33.994565217391305,19.111570247933884
34.076086956521735,18.181818181818183
34.15760869565217,17.975206611570247
34.23913043478261,18.491735537190085
34.32065217391304,17.25206611570248
34.40217391304348,17.768595041322314
34.483695652173914,17.768595041322314
34.565217391304344,17.14876033057851
34.64673913043478,16.425619834710744
34.72826086956521,16.632231404958677
34.80978260869565,15.805785123966942
34.891304347826086,16.528925619834713
34.972826086956516,16.425619834710744
35.05434782608695,15.392561983471074
35.13586956521739,15.805785123966942
35.21739130434782,14.772727272727273
35.29891304347826,15.289256198347108
35.380434782608695,15.289256198347108
35.461956521739125,14.669421487603307
35.54347826086956,14.152892561983471
35.625,13.946280991735538
35.70652173913043,14.359504132231406
35.78804347826087,12.913223140495868
35.869565217391305,13.223140495867769
35.951086956521735,12.913223140495868
36.03260869565217,12.603305785123966
36.11413043478261,12.603305785123966
36.19565217391304,12.5
36.27717391304348,11.776859504132231
36.358695652173914,12.293388429752067
36.440217391304344,11.8801652892562
36.52173913043478,11.8801652892562
36.60326086956521,10.950413223140496
36.68478260869565,11.363636363636363
36.766304347826086,9.710743801652892
36.847826086956516,10.847107438016529
36.92934782608695,10.12396694214876
37.01086956521739,10.330578512396695
37.09239130434782,9.297520661157025
37.17391304347826,9.50413223140496
37.255434782608695,9.50413223140496
37.336956521739125,8.987603305785123
37.41847826086956,8.987603305785123
37.5,8.367768595041323
37.58152173913043,8.264462809917356
37.66304347826087,8.057851239669422
37.744565217391305,7.43801652892562
37.826086956521735,7.644628099173554
37.90760869565217,7.231404958677686
37.98913043478261,6.714876033057852
38.07065217391304,6.6115702479338845
38.15217391304348,6.714876033057852
38.233695652173914,6.508264462809917
38.315217391304344,6.301652892561983
38.39673913043478,5.681818181818182
38.47826086956521,5.1652892561983474
38.55978260869565,5.578512396694215
38.641304347826086,5.268595041322314
38.722826086956516,4.855371900826446
38.80434782608695,4.545454545454546
38.88586956521739,4.235537190082645
38.96739130434782,3.615702479338843
39.04891304347826,3.0991735537190084
39.130434782608695,2.479338842975207
39.211956521739125,3.0991735537190084
39.29347826086956,2.479338842975207
39.375,2.8925619834710745
39.45652173913043,1.962809917355372
39.53804347826087,2.479338842975207
39.619565217391305,1.859504132231405
39.701086956521735,1.2396694214876034
39.78260869565217,1.2396694214876034
39.86413043478261,1.5495867768595042
39.94565217391304,0.8264462809917356
40.02717391304348,0.7231404958677686
40.10869565217391,0.30991735537190085
40.190217391304344,0.8264462809917356
40.27173913043478,0.5165289256198348
40.35326086956521,0.7231404958677686
40.43478260869565,0.10330578512396695
40.516304347826086,0.10330578512396695
40.597826086956516,0.7231404958677686
40.67934782608695,0.7231404958677686
40.76086956521739,0.7231404958677686
40.84239130434782,0.7231404958677686
40.92391304347826,0.2066115702479339
41.005434782608695,0.4132231404958678
41.086956521739125,0.2066115702479339
41.16847826086956,0.4132231404958678
41.25,0.2066115702479339
41.33152173913043,0.7231404958677686
41.41304347826087,0.30991735537190085
41.494565217391305,0.30991735537190085
41.576086956521735,0.5165289256198348
41.65760869565217,0.7231404958677686
41.73913043478261,0.7231404958677686
41.82065217391304,0.2066115702479339
41.90217391304348,0.7231404958677686
41.98369565217391,0.2066115702479339
42.065217391304344,0.7231404958677686
42.14673913043478,0.7231404958677686
42.22826086956521,0.7231404958677686
42.30978260869565,0.2066115702479339
42.391304347826086,0.7231404958677686
42.472826086956516,0.4132231404958678
42.55434782608695,0.7231404958677686
42.63586956521739,0.2066115702479339
42.71739130434782,0.6198347107438017
42.79891304347826,0.10330578512396695
42.880434782608695,0.6198347107438017
42.961956521739125,0.5165289256198348
43.04347826086956,0.10330578512396695
43.125,0.6198347107438017
43.20652173913043,0.4132231404958678
43.28804347826087,0.30991735537190085
43.369565217391305,0.4132231404958678
43.451086956521735,0.5165289256198348
43.53260869565217,0.6198347107438017
43.6141304347826,0.6198347107438017
43.69565217391304,0.6198347107438017
43.77717391304348,0.6198347107438017
43.85869565217391,0.2066115702479339
43.940217391304344,0.6198347107438017
44.02173913043478,0.4132231404958678
44.10326086956521,0.5165289256198348
44.18478260869565,0.6198347107438017
44.266304347826086,0.6198347107438017
44.347826086956516,0.4132231404958678
44.42934782608695,0.6198347107438017
44.51086956521739,0.6198347107438017
44.59239130434782,0.6198347107438017
44.67391304347826,0.5165289256198348
44.755434782608695,0.6198347107438017
44.836956521739125,0.6198347107438017
44.91847826086956,0.6198347107438017
45.0,0.6198347107438017
45.08152173913043,0.6198347107438017
45.16304347826087,0.6198347107438017
45.244565217391305,0.5165289256198348
45.326086956521735,0.6198347107438017
45.40760869565217,0.4132231404958678
45.4891304347826,0.6198347107438017
45.57065217391304,0.30991735537190085
45.65217391304348,0.6198347107438017
45.73369565217391,0.6198347107438017
45.815217391304344,0.5165289256198348
45.89673913043478,0.30991735537190085
45.97826086956521,0.4132231404958678
46.05978260869565,0.6198347107438017
46.141304347826086,0.5165289256198348
46.222826086956516,0.6198347107438017
46.30434782608695,0.10330578512396695
46.38586956521739,0.30991735537190085
46.46739130434782,0.6198347107438017
46.54891304347826,0.6198347107438017
46.630434782608695,0.6198347107438017
46.711956521739125,0.2066115702479339
46.79347826086956,0.4132231404958678
46.875,0.6198347107438017
46.95652173913043,0.4132231404958678
47.03804347826087,0.6198347107438017
47.119565217391305,0.6198347107438017
47.201086956521735,0.5165289256198348
47.28260869565217,0.5165289256198348
47.3641304347826,0.10330578512396695
47.44565217391304,0.5165289256198348
47.52717391304348,0.5165289256198348
47.60869565217391,0.5165289256198348
47.690217391304344,0.5165289256198348
47.77173913043478,0.5165289256198348
47.85326086956521,0.30991735537190085
47.93478260869565,0.5165289256198348
48.016304347826086,0.30991735537190085
48.097826086956516,0.5165289256198348
48.17934782608695,0.5165289256198348
48.26086956521739,0.2066115702479339
48.34239130434782,0.5165289256198348
48.42391304347826,0.2066115702479339
48.505434782608695,0.5165289256198348
48.586956521739125,0.5165289256198348
48.66847826086956,0.5165289256198348
48.75,0.5165289256198348
48.83152173913043,0.5165289256198348
48.91304347826087,0.2066115702479339
48.9945652173913,0.10330578512396695
49.076086956521735,0.5165289256198348
49.15760869565217,0.30991735537190085
49.2391304347826,0.5165289256198348
49.32065217391304,0.5165289256198348
49.40217391304348,0.5165289256198348
49.48369565217391,0.30991735537190085
49.565217391304344,0.5165289256198348
49.64673913043478,0.5165289256198348
49.72826086956521,0.6198347107438017
49.80978260869565,0.6198347107438017
49.891304347826086,0.6198347107438017
49.972826086956516,0.6198347107438017
50.05434782608695,0.5165289256198348
50.13586956521739,0.2066115702479339
50.21739130434782,0.4132231404958678
50.29891304347826,0.5165289256198348
50.380434782608695,0.30991735537190085
50.461956521739125,0.5165289256198348
50.54347826086956,0.30991735537190085
50.625,0.5165289256198348
50.70652173913043,0.5165289256198348
50.78804347826087,0.5165289256198348
50.8695652173913,0.5165289256198348
50.951086956521735,0.5165289256198348
51.03260869565217,0.30991735537190085
51.1141304347826,0.10330578512396695
51.19565217391304,0.30991735537190085
51.27717391304348,0.5165289256198348
51.35869565217391,0.5165289256198348
51.440217391304344,0.5165289256198348
51.52173913043478,0.5165289256198348
51.60326086956521,0.2066115702479339
51.68478260869565,0.5165289256198348
51.766304347826086,0.5165289256198348
51.847826086956516,0.4132231404958678
51.92934782608695,0.30991735537190085
52.01086956521739,0.5165289256198348
52.09239130434782,0.5165289256198348
52.17391304347826,0.5165289256198348
52.255434782608695,0.5165289256198348
52.336956521739125,0.5165289256198348
52.41847826086956,0.2066115702479339
52.5,0.5165289256198348
52.58152173913043,0.5165289256198348
52.66304347826087,0.5165289256198348
52.7445652173913,0.4132231404958678
52.826086956521735,0.5165289256198348
52.90760869565217,0.5165289256198348
52.9891304347826,0.5165289256198348
53.07065217391304,0.5165289256198348
53.15217391304348,0.5165289256198348
53.23369565217391,0.2066115702479339
53.315217391304344,0.5165289256198348
53.39673913043478,0.5165289256198348
53.47826086956521,0.5165289256198348
53.55978260869565,0.4132231404958678
53.641304347826086,0.4132231404958678
53.722826086956516,0.5165289256198348
53.80434782608695,0.5165289256198348
53.88586956521739,0.4132231404958678
53.96739130434782,0.5165289256198348
54.04891304347826,0.4132231404958678
54.130434782608695,0.5165289256198348
54.211956521739125,0.30991735537190085
54.29347826086956,0.10330578512396695
54.37499999999999,0.5165289256198348
54.45652173913043,0.5165289256198348
54.53804347826087,0.5165289256198348
54.6195652173913,0.4132231404958678
54.701086956521735,0.5165289256198348
54.78260869565217,0.5165289256198348
54.8641304347826,0.4132231404958678
54.94565217391304,0.5165289256198348
55.02717391304348,0.5165289256198348
55.10869565217391,0.5165289256198348
55.190217391304344,0.5165289256198348
55.27173913043478,0.5165289256198348
55.35326086956521,0.5165289256198348
55.43478260869565,0.4132231404958678
55.516304347826086,0.2066115702479339
55.597826086956516,0.30991735537190085
55.67934782608695,0.5165289256198348
55.76086956521739,0.5165289256198348
55.84239130434782,0.4132231404958678
55.92391304347826,0.5165289256198348
56.005434782608695,0.5165289256198348
56.086956521739125,0.30991735537190085
56.16847826086956,0.5165289256198348
56.24999999999999,0.5165289256198348
56.33152173913043,0.5165289256198348
56.41304347826087,0.10330578512396695
56.4945652173913,0.4132231404958678
56.576086956521735,0.4132231404958678
56.65760869565217,0.4132231404958678
56.7391304347826,0.5165289256198348
56.82065217391304,0.5165289256198348
56.90217391304348,0.5165289256198348
56.98369565217391,0.4132231404958678
57.065217391304344,0.4132231404958678
57.14673913043478,0.5165289256198348
57.22826086956521,0.5165289256198348
57.30978260869565,0.5165289256198348
57.391304347826086,0.2066115702479339
57.472826086956516,0.5165289256198348
57.55434782608695,0.5165289256198348
57.63586956521739,0.4132231404958678
57.71739130434782,0.4132231404958678
57.79891304347826,0.4132231404958678
57.88043478260869,0.4132231404958678
57.961956521739125,0.5165289256198348
58.04347826086956,0.2066115702479339
58.12499999999999,0.4132231404958678
58.20652173913043,0.30991735537190085
58.28804347826087,0.5165289256198348
58.3695652173913,0.4132231404958678
58.451086956521735,0.2066115702479339
58.53260869565217,0.2066115702479339
58.6141304347826,0.4132231404958678
58.69565217391304,0.4132231404958678
58.77717391304348,0.4132231404958678
58.85869565217391,0.4132231404958678
58.940217391304344,0.4132231404958678
59.02173913043478,0.4132231404958678
59.10326086956521,0.4132231404958678
59.18478260869565,0.4132231404958678
59.266304347826086,0.4132231404958678
59.347826086956516,0.4132231404958678
59.42934782608695,0.4132231404958678
59.51086956521739,0.30991735537190085
59.59239130434782,0.2066115702479339
59.67391304347826,0.4132231404958678
59.75543478260869,0.10330578512396695
59.836956521739125,0.4132231404958678
59.91847826086956,0.2066115702479339
59.99999999999999,0.4132231404958678
60.08152173913043,0.2066115702479339
60.16304347826087,0.30991735537190085
60.2445652173913,0.10330578512396695
60.326086956521735,0.4132231404958678
60.40760869565217,0.4132231404958678
60.4891304347826,0.4132231404958678
60.57065217391304,0.4132231404958678
60.65217391304348,0.4132231404958678
60.73369565217391,0.4132231404958678
60.815217391304344,0.2066115702479339
60.89673913043478,0.4132231404958678
60.97826086956521,0.4132231404958678
61.05978260869565,0.4132231404958678
61.141304347826086,0.4132231404958678
61.222826086956516,0.2066115702479339
61.30434782608695,0.4132231404958678
61.38586956521739,0.4132231404958678
61.46739130434782,0.30991735537190085
61.54891304347826,0.30991735537190085
61.63043478260869,0.4132231404958678
61.711956521739125,0.4132231404958678
61.79347826086956,0.4132231404958678
61.87499999999999,0.4132231404958678
61.95652173913043,0.4132231404958678
62.03804347826087,0.30991735537190085
62.1195652173913,0.30991735537190085
62.201086956521735,0.30991735537190085
62.28260869565217,0.10330578512396695
62.3641304347826,0.4132231404958678
62.44565217391304,0.4132231404958678
62.52717391304348,0.10330578512396695
62.60869565217391,0.4132231404958678
62.690217391304344,0.4132231404958678
62.77173913043478,0.4132231404958678
62.85326086956521,0.4132231404958678
62.93478260869565,0.4132231404958678
63.016304347826086,0.30991735537190085
63.097826086956516,0.2066115702479339
63.17934782608695,0.4132231404958678
63.260869565217384,0.4132231404958678
63.34239130434782,0.30991735537190085
63.42391304347826,0.2066115702479339
63.50543478260869,0.10330578512396695
63.586956521739125,0.2066115702479339
63.66847826086956,0.4132231404958678
63.74999999999999,0.4132231404958678
63.83152173913043,0.4132231404958678
63.91304347826087,0.30991735537190085
63.9945652173913,0.4132231404958678
64.07608695652173,0.4132231404958678
64.15760869565217,0.30991735537190085
64.23913043478261,0.4132231404958678
64.32065217391303,0.30991735537190085
64.40217391304347,0.4132231404958678
64.4836956521739,0.4132231404958678
64.56521739130434,0.4132231404958678
64.64673913043478,0.4132231404958678
64.72826086956522,0.4132231404958678
64.80978260869564,0.4132231404958678
64.89130434782608,0.4132231404958678
64.97282608695652,0.4132231404958678
65.05434782608695,0.10330578512396695
65.13586956521739,0.4132231404958678
65.21739130434783,0.30991735537190085
65.29891304347825,0.10330578512396695
65.38043478260869,0.4132231404958678
65.46195652173913,0.30991735537190085
65.54347826086956,0.30991735537190085
65.625,0.30991735537190085
65.70652173913044,0.30991735537190085
65.78804347826086,0.4132231404958678
65.8695652173913,0.30991735537190085
65.95108695652173,0.4132231404958678
66.03260869565217,0.30991735537190085
66.11413043478261,0.4132231404958678
66.19565217391303,0.10330578512396695
66.27717391304347,0.4132231404958678
66.3586956521739,0.10330578512396695
66.44021739130434,0.4132231404958678
66.52173913043478,0.10330578512396695
66.60326086956522,0.4132231404958678
66.68478260869564,0.4132231404958678
66.76630434782608,0.10330578512396695
66.84782608695652,0.10330578512396695
66.92934782608695,0.4132231404958678
67.01086956521739,0.4132231404958678
67.09239130434783,0.4132231404958678
67.17391304347825,0.4132231404958678
67.25543478260869,0.4132231404958678
67.33695652173913,0.4132231404958678
67.41847826086956,0.2066115702479339
67.5,0.4132231404958678
67.58152173913044,0.2066115702479339
67.66304347826086,0.4132231404958678
67.7445652173913,0.30991735537190085
67.82608695652173,0.2066115702479339
67.90760869565217,0.4132231404958678
67.98913043478261,0.4132231404958678
68.07065217391303,0.4132231404958678
68.15217391304347,0.10330578512396695
68.2336956521739,0.30991735537190085
68.31521739130434,0.4132231404958678
68.39673913043478,0.4132231404958678
68.47826086956522,0.4132231404958678
68.55978260869564,0.4132231404958678
68.64130434782608,0.30991735537190085
68.72282608695652,0.4132231404958678
68.80434782608695,0.4132231404958678
68.88586956521739,0.4132231404958678
68.96739130434783,0.4132231404958678
69.04891304347825,0.30991735537190085
69.13043478260869,0.4132231404958678
69.21195652173913,0.4132231404958678
69.29347826086956,0.4132231404958678
69.375,0.4132231404958678
69.45652173913042,0.30991735537190085
69.53804347826086,0.4132231404958678
69.6195652173913,0.4132231404958678
69.70108695652173,0.4132231404958678
69.78260869565217,0.4132231404958678
69.86413043478261,0.4132231404958678
69.94565217391303,0.4132231404958678
70.02717391304347,0.4132231404958678
70.1086956521739,0.4132231404958678
70.19021739130434,0.4132231404958678
70.27173913043478,0.4132231404958678
70.35326086956522,0.4132231404958678
70.43478260869564,0.4132231404958678
70.51630434782608,0.2066115702479339
70.59782608695652,0.4132231404958678
70.67934782608695,0.4132231404958678
70.76086956521739,0.4132231404958678
70.84239130434783,0.4132231404958678
70.92391304347825,0.4132231404958678
71.00543478260869,0.4132231404958678
71.08695652173913,0.30991735537190085
71.16847826086956,0.4132231404958678
71.25,0.10330578512396695
71.33152173913042,0.4132231404958678
71.41304347826086,0.4132231404958678
71.4945652173913,0.4132231404958678
71.57608695652173,0.4132231404958678
71.65760869565217,0.4132231404958678
71.73913043478261,0.30991735537190085
71.82065217391303,0.4132231404958678
71.90217391304347,0.4132231404958678
71.9836956521739,0.30991735537190085
72.06521739130434,0.4132231404958678
72.14673913043478,0.4132231404958678
72.22826086956522,0.4132231404958678
72.30978260869564,0.30991735537190085
72.39130434782608,0.4132231404958678
72.47282608695652,0.30991735537190085
72.55434782608695,0.2066115702479339
72.63586956521739,0.4132231404958678
72.71739130434783,0.4132231404958678
72.79891304347825,0.2066115702479339
72.88043478260869,0.4132231404958678
72.96195652173913,0.4132231404958678
73.04347826086956,0.4132231404958678
73.125,0.4132231404958678
73.20652173913042,0.4132231404958678
73.28804347826086,0.4132231404958678
73.3695652173913,0.2066115702479339
73.45108695652173,0.4132231404958678
73.53260869565217,0.30991735537190085
73.61413043478261,0.10330578512396695
73.69565217391303,0.2066115702479339
73.77717391304347,0.10330578512396695
73.8586956521739,0.10330578512396695
73.94021739130434,0.4132231404958678
74.02173913043478,0.10330578512396695
74.10326086956522,0.2066115702479339
74.18478260869564,0.4132231404958678
74.26630434782608,0.2066115702479339
74.34782608695652,0.2066115702479339
74.42934782608695,0.4132231404958678
74.51086956521739,0.4132231404958678
74.59239130434783,0.4132231404958678
74.67391304347825,0.4132231404958678
74.75543478260869,0.10330578512396695
74.83695652173913,0.4132231404958678
74.91847826086956,0.10330578512396695
75.0,0.4132231404958678
75.08152173913042,0.30991735537190085
75.16304347826086,0.30991735537190085
75.2445652173913,0.4132231404958678
75.32608695652173,0.4132231404958678
75.40760869565217,0.4132231404958678
75.48913043478261,0.4132231404958678
75.57065217391303,0.4132231404958678
75.65217391304347,0.2066115702479339
75.7336956521739,0.30991735537190085
75.81521739130434,0.4132231404958678
75.89673913043478,0.4132231404958678
75.97826086956522,0.4132231404958678
76.05978260869564,0.4132231404958678
76.14130434782608,0.4132231404958678
76.22282608695652,0.4132231404958678
76.30434782608695,0.4132231404958678
76.38586956521739,0.4132231404958678
76.46739130434783,0.2066115702479339
76.54891304347825,0.4132231404958678
76.63043478260869,0.4132231404958678
76.71195652173913,0.30991735537190085
76.79347826086956,0.30991735537190085
76.875,0.4132231404958678
76.95652173913042,0.4132231404958678
77.03804347826086,0.4132231404958678
77.1195652173913,0.30991735537190085
77.20108695652173,0.4132231404958678
77.28260869565217,0.4132231404958678
77.36413043478261,0.4132231404958678
77.44565217391303,0.4132231404958678
77.52717391304347,0.4132231404958678
77.6086956521739,0.5165289256198348
77.69021739130434,0.30991735537190085
77.77173913043478,0.30991735537190085
77.85326086956522,0.4132231404958678
77.93478260869564,0.4132231404958678
78.01630434782608,0.5165289256198348
78.09782608695652,0.30991735537190085
78.17934782608695,0.4132231404958678
78.26086956521739,0.4132231404958678
78.34239130434781,0.5165289256198348
78.42391304347825,0.5165289256198348
78.50543478260869,0.5165289256198348
78.58695652173913,0.30991735537190085
78.66847826086956,0.5165289256198348
78.75,0.5165289256198348
78.83152173913042,0.5165289256198348
78.91304347826086,0.10330578512396695
78.9945652173913,0.2066115702479339
79.07608695652173,0.5165289256198348
79.15760869565217,0.5165289256198348
79.23913043478261,0.30991735537190085
79.32065217391303,0.2066115702479339
79.40217391304347,0.5165289256198348
79.4836956521739,0.30991735537190085
79.56521739130434,0.30991735537190085
79.64673913043478,0.5165289256198348
79.72826086956522,0.2066115702479339
79.80978260869564,0.4132231404958678
79.89130434782608,0.4132231404958678
79.97282608695652,0.5165289256198348
80.05434782608695,0.5165289256198348
80.13586956521739,0.5165289256198348
80.21739130434781,0.30991735537190085
80.29891304347825,0.10330578512396695
80.38043478260869,0.5165289256198348
80.46195652173913,0.30991735537190085
80.54347826086956,0.5165289256198348
80.625,0.5165289256198348
80.70652173913042,0.2066115702479339
80.78804347826086,0.2066115702479339
80.8695652173913,0.5165289256198348
80.95108695652173,0.5165289256198348
81.03260869565217,0.5165289256198348
81.11413043478261,0.5165289256198348
81.19565217391303,0.5165289256198348
81.27717391304347,0.4132231404958678
81.3586956521739,0.5165289256198348
81.44021739130434,0.5165289256198348
81.52173913043478,0.5165289256198348
81.60326086956522,0.5165289256198348
81.68478260869564,0.10330578512396695
81.76630434782608,0.5165289256198348
81.84782608695652,0.5165289256198348
81.92934782608695,0.10330578512396695
82.01086956521739,0.5165289256198348
82.09239130434781,0.5165289256198348
82.17391304347825,0.5165289256198348
82.25543478260869,0.2066115702479339
82.33695652173913,0.2066115702479339
82.41847826086956,0.4132231404958678
82.5,0.2066115702479339
82.58152173913042,0.5165289256198348
82.66304347826086,0.5165289256198348
82.7445652173913,0.5165289256198348
82.82608695652173,0.5165289256198348
82.90760869565217,0.5165289256198348
82.98913043478261,0.5165289256198348
83.07065217391303,0.30991735537190085
83.15217391304347,0.5165289256198348
83.2336956521739,0.5165289256198348
83.31521739130434,0.5165289256198348
83.39673913043478,0.30991735537190085
83.47826086956522,0.10330578512396695
83.55978260869564,0.6198347107438017
83.64130434782608,0.5165289256198348
83.72282608695652,0.6198347107438017
83.80434782608695,0.4132231404958678
83.88586956521739,0.6198347107438017
83.96739130434781,0.6198347107438017
84.04891304347825,0.6198347107438017
84.13043478260869,0.6198347107438017
84.21195652173913,0.30991735537190085
84.29347826086956,0.6198347107438017
84.375,0.4132231404958678
84.45652173913042,0.6198347107438017
84.53804347826086,0.6198347107438017
84.6195652173913,0.4132231404958678
84.70108695652173,0.10330578512396695
84.78260869565217,0.6198347107438017
84.86413043478261,0.6198347107438017
84.94565217391303,0.6198347107438017
85.02717391304347,0.7231404958677686
85.1086956521739,0.6198347107438017
85.19021739130434,0.5165289256198348
85.27173913043478,0.10330578512396695
85.35326086956522,0.5165289256198348
85.43478260869564,0.30991735537190085
85.51630434782608,0.8264462809917356
85.59782608695652,1.1363636363636365
85.67934782608695,1.1363636363636365
85.76086956521739,1.1363636363636365
85.84239130434781,1.0330578512396695
85.92391304347825,1.1363636363636365
86.00543478260869,1.2396694214876034
86.08695652173913,1.4462809917355373
86.16847826086956,1.0330578512396695
86.25,1.2396694214876034
86.33152173913042,1.6528925619834711
86.41304347826086,1.2396694214876034
86.4945652173913,1.756198347107438
86.57608695652173,1.756198347107438
86.65760869565217,1.756198347107438
86.73913043478261,1.6528925619834711
86.82065217391303,1.962809917355372
86.90217391304347,1.962809917355372
86.9836956521739,1.756198347107438
87.06521739130434,1.962809917355372
87.14673913043478,1.6528925619834711
87.2282608695652,1.962809917355372
87.30978260869564,1.962809917355372
87.39130434782608,2.37603305785124
87.47282608695652,2.066115702479339
87.55434782608695,2.37603305785124
87.63586956521739,2.066115702479339
87.71739130434781,2.37603305785124
87.79891304347825,2.5826446280991737
87.88043478260869,2.37603305785124
87.96195652173913,2.37603305785124
88.04347826086956,2.7892561983471076
88.125,2.7892561983471076
88.20652173913042,2.8925619834710745
88.28804347826086,2.8925619834710745
88.3695652173913,2.7892561983471076
88.45108695652173,2.6859504132231407
88.53260869565217,3.0991735537190084
88.61413043478261,3.2024793388429753
88.69565217391303,3.2024793388429753
88.77717391304347,3.3057851239669422
88.8586956521739,3.3057851239669422
88.94021739130434,3.409090909090909
89.02173913043478,3.409090909090909
89.1032608695652,3.2024793388429753
89.18478260869564,3.2024793388429753
89.26630434782608,3.615702479338843
89.34782608695652,3.512396694214876
89.42934782608695,3.71900826446281
89.51086956521739,3.71900826446281
89.59239130434781,3.615702479338843
89.67391304347825,3.925619834710744
89.75543478260869,3.71900826446281
89.83695652173913,4.028925619834711
89.91847826086956,3.615702479338843
90.0,3.925619834710744
90.08152173913042,4.028925619834711
90.16304347826086,4.028925619834711
90.2445652173913,4.028925619834711
90.32608695652173,4.028925619834711
90.40760869565217,3.71900826446281
90.48913043478261,3.925619834710744
90.57065217391303,3.925619834710744
90.65217391304347,3.925619834710744
90.7336956521739,3.925619834710744
90.81521739130434,3.925619834710744
90.89673913043478,3.925619834710744
90.9782608695652,3.71900826446281
91.05978260869564,3.822314049586777
91.14130434782608,3.615702479338843
91.22282608695652,3.822314049586777
91.30434782608695,3.71900826446281
91.38586956521739,3.822314049586777
91.46739130434781,3.822314049586777
91.54891304347825,3.71900826446281
91.63043478260869,3.71900826446281
91.71195652173913,3.71900826446281
91.79347826086956,3.71900826446281
91.875,3.512396694214876
91.95652173913042,3.71900826446281
92.03804347826086,3.71900826446281
92.1195652173913,3.615702479338843
92.20108695652173,3.512396694214876
92.28260869565217,3.615702479338843
92.36413043478261,3.2024793388429753
92.44565217391303,3.409090909090909
92.52717391304347,3.512396694214876
92.6086956521739,3.615702479338843
92.69021739130434,3.615702479338843
92.77173913043478,3.512396694214876
92.8532608695652,3.512396694214876
92.93478260869564,3.3057851239669422
93.01630434782608,3.0991735537190084
93.09782608695652,3.512396694214876
93.17934782608695,3.512396694214876
93.26086956521739,3.409090909090909
93.34239130434781,3.409090909090909
93.42391304347825,3.409090909090909
93.50543478260869,3.409090909090909
93.58695652173913,3.409090909090909
93.66847826086956,3.3057851239669422
93.75,3.2024793388429753
93.83152173913042,3.0991735537190084
93.91304347826086,3.2024793388429753
93.9945652173913,3.3057851239669422
94.07608695652173,3.3057851239669422
94.15760869565217,3.0991735537190084
94.23913043478261,3.3057851239669422
94.32065217391303,3.3057851239669422
94.40217391304347,3.3057851239669422
94.4836956521739,3.2024793388429753
94.56521739130434,3.2024793388429753
94.64673913043478,3.0991735537190084
94.7282608695652,3.2024793388429753
94.80978260869564,3.2024793388429753
94.89130434782608,3.2024793388429753
94.97282608695652,2.7892561983471076
95.05434782608695,2.7892561983471076
95.13586956521739,3.0991735537190084
95.21739130434781,2.8925619834710745
95.29891304347825,2.9958677685950414
95.38043478260869,2.6859504132231407
95.46195652173913,2.8925619834710745
95.54347826086956,2.8925619834710745
95.625,2.479338842975207
95.70652173913042,2.7892561983471076
95.78804347826086,2.7892561983471076
95.8695652173913,2.7892561983471076
95.95108695652173,2.479338842975207
96.03260869565217,2.479338842975207
96.1141304347826,2.6859504132231407
96.19565217391303,2.169421487603306
96.27717391304347,2.5826446280991737
96.3586956521739,2.272727272727273
96.44021739130434,2.272727272727273
96.52173913043478,2.37603305785124
96.6032608695652,2.37603305785124
96.68478260869564,2.37603305785124
96.76630434782608,2.066115702479339
96.84782608695652,1.859504132231405
96.92934782608695,2.272727272727273
97.01086956521739,2.169421487603306
97.09239130434781,1.962809917355372
97.17391304347825,1.962809917355372
97.25543478260869,2.066115702479339
97.33695652173913,2.066115702479339
97.41847826086956,1.962809917355372
97.5,1.859504132231405
97.58152173913042,1.962809917355372
97.66304347826086,1.859504132231405
97.7445652173913,1.859504132231405
97.82608695652173,1.756198347107438
97.90760869565217,1.859504132231405
97.9891304347826,1.5495867768595042
98.07065217391303,1.3429752066115703
98.15217391304347,1.756198347107438
98.2336956521739,1.6528925619834711
98.31521739130434,1.6528925619834711
98.39673913043478,1.1363636363636365
98.4782608695652,1.2396694214876034
98.55978260869564,1.1363636363636365
98.64130434782608,1.3429752066115703
98.72282608695652,1.4462809917355373
98.80434782608695,1.4462809917355373
98.88586956521739,1.2396694214876034
98.96739130434781,1.3429752066115703
99.04891304347825,1.3429752066115703
99.13043478260869,1.2396694214876034
99.21195652173913,0.9297520661157025
99.29347826086956,1.2396694214876034
99.375,0.8264462809917356
99.45652173913042,1.1363636363636365
99.53804347826086,0.8264462809917356
99.6195652173913,1.0330578512396695
99.70108695652173,1.1363636363636365
99.78260869565217,0.5165289256198348
99.8641304347826,0.4132231404958678
99.94565217391303,0.7231404958677686
100.02717391304347,0.9297520661157025
100.1086956521739,0.5165289256198348
100.19021739130434,0.5165289256198348
100.27173913043478,0.6198347107438017
100.3532608695652,0.6198347107438017
100.43478260869564,0.8264462809917356
100.51630434782608,0.4132231404958678
100.59782608695652,0.6198347107438017
100.67934782608695,0.7231404958677686
100.76086956521739,0.4132231404958678
100.84239130434781,0.8264462809917356
100.92391304347825,0.6198347107438017
101.00543478260869,0.6198347107438017
101.08695652173913,0.8264462809917356
101.16847826086956,0.8264462809917356
101.25,0.8264462809917356
101.33152173913042,0.8264462809917356
101.41304347826086,0.30991735537190085
101.4945652173913,0.8264462809917356
101.57608695652173,0.8264462809917356
101.65760869565217,0.8264462809917356
101.7391304347826,0.5165289256198348
101.82065217391303,0.5165289256198348
101.90217391304347,0.2066115702479339
101.9836956521739,0.7231404958677686
102.06521739130434,0.4132231404958678
102.14673913043478,0.4132231404958678
102.2282608695652,0.2066115702479339
102.30978260869564,0.7231404958677686
102.39130434782608,0.5165289256198348
102.47282608695652,0.30991735537190085
102.55434782608695,0.7231404958677686
102.63586956521739,0.7231404958677686
102.71739130434781,0.6198347107438017
102.79891304347825,0.6198347107438017
102.88043478260869,0.7231404958677686
102.96195652173913,0.5165289256198348
103.04347826086956,0.30991735537190085
103.125,0.6198347107438017
103.20652173913042,0.7231404958677686
103.28804347826086,0.4132231404958678
103.3695652173913,0.6198347107438017
103.45108695652173,0.7231404958677686
103.53260869565217,0.7231404958677686
103.6141304347826,0.6198347107438017
103.69565217391303,0.4132231404958678
103.77717391304347,0.6198347107438017
103.8586956521739,0.6198347107438017
103.94021739130434,0.6198347107438017
104.02173913043478,0.4132231404958678
104.1032608695652,0.6198347107438017
104.18478260869564,0.6198347107438017
104.26630434782608,0.6198347107438017
104.34782608695652,0.6198347107438017
104.42934782608695,0.6198347107438017
104.51086956521739,0.30991735537190085
104.59239130434781,0.6198347107438017
104.67391304347825,0.6198347107438017
104.75543478260869,0.6198347107438017
104.83695652173913,0.5165289256198348
104.91847826086956,0.6198347107438017
105.0,0.30991735537190085
105.08152173913042,0.6198347107438017
105.16304347826086,0.5165289256198348
105.2445652173913,0.30991735537190085
105.32608695652173,0.4132231404958678
105.40760869565217,0.7231404958677686
105.4891304347826,0.8264462809917356
105.57065217391303,0.7231404958677686
105.65217391304347,0.8264462809917356
105.7336956521739,0.9297520661157025
105.81521739130434,0.6198347107438017
105.89673913043478,0.9297520661157025
105.9782608695652,0.5165289256198348
106.05978260869564,1.0330578512396695
106.14130434782608,1.0330578512396695
106.22282608695652,0.9297520661157025
106.30434782608695,1.0330578512396695
106.38586956521739,1.1363636363636365
106.46739130434781,1.1363636363636365
106.54891304347825,1.1363636363636365
106.63043478260869,1.1363636363636365
106.71195652173913,1.1363636363636365
106.79347826086956,1.1363636363636365
106.87499999999999,1.2396694214876034
106.95652173913042,1.2396694214876034
107.03804347826086,1.3429752066115703
107.1195652173913,1.3429752066115703
107.20108695652173,1.4462809917355373
107.28260869565217,1.2396694214876034
107.3641304347826,1.2396694214876034
107.44565217391303,1.3429752066115703
107.52717391304347,1.4462809917355373
107.6086956521739,1.5495867768595042
107.69021739130434,1.5495867768595042
107.77173913043478,1.6528925619834711
107.8532608695652,1.6528925619834711
107.93478260869564,1.4462809917355373
108.01630434782608,1.5495867768595042
108.09782608695652,1.5495867768595042
108.17934782608695,1.3429752066115703
108.26086956521739,1.756198347107438
108.34239130434781,1.756198347107438
108.42391304347825,1.859504132231405
108.50543478260869,1.859504132231405
108.58695652173913,1.859504132231405
108.66847826086956,1.756198347107438
108.74999999999999,1.6528925619834711
108.83152173913042,1.5495867768595042
108.91304347826086,1.6528925619834711
108.9945652173913,1.6528925619834711
109.07608695652173,1.962809917355372
109.15760869565217,1.756198347107438
109.2391304347826,1.756198347107438
109.32065217391303,2.066115702479339
109.40217391304347,1.756198347107438
109.4836956521739,2.169421487603306
109.56521739130434,2.169421487603306
109.64673913043478,2.272727272727273
109.7282608695652,2.272727272727273
109.80978260869564,2.272727272727273
109.89130434782608,2.169421487603306
109.97282608695652,2.37603305785124
110.05434782608695,2.37603305785124
110.13586956521739,2.37603305785124
110.21739130434781,2.272727272727273
110.29891304347825,2.066115702479339
110.38043478260869,2.479338842975207
110.46195652173913,2.169421487603306
110.54347826086956,2.479338842975207
110.62499999999999,2.5826446280991737
110.70652173913042,2.5826446280991737
110.78804347826086,2.479338842975207
110.8695652173913,2.6859504132231407
110.95108695652173,2.272727272727273
111.03260869565217,2.6859504132231407
111.1141304347826,2.7892561983471076
111.19565217391303,2.6859504132231407
111.27717391304347,2.7892561983471076
111.3586956521739,2.6859504132231407
111.44021739130434,2.8925619834710745
111.52173913043478,2.7892561983471076
111.6032608695652,2.6859504132231407
111.68478260869564,2.9958677685950414
111.76630434782608,2.9958677685950414
111.84782608695652,2.9958677685950414
111.92934782608695,3.0991735537190084
112.01086956521739,3.0991735537190084
112.09239130434781,3.0991735537190084
112.17391304347825,3.0991735537190084
112.25543478260869,3.2024793388429753
112.33695652173913,2.8925619834710745
112.41847826086956,3.2024793388429753
112.49999999999999,2.8925619834710745
112.58152173913042,3.3057851239669422
112.66304347826086,3.3057851239669422
112.7445652173913,3.3057851239669422
112.82608695652173,3.409090909090909
112.90760869565217,3.409090909090909
112.9891304347826,3.2024793388429753
113.07065217391303,3.512396694214876
113.15217391304347,3.2024793388429753
113.2336956521739,3.512396694214876
113.31521739130434,3.512396694214876
113.39673913043478,3.409090909090909
113.4782608695652,3.615702479338843
113.55978260869564,3.615702479338843
113.64130434782608,3.409090909090909
113.72282608695652,3.3057851239669422
113.80434782608695,3.3057851239669422
113.88586956521739,3.512396694214876
113.96739130434781,3.71900826446281
114.04891304347825,3.822314049586777
114.13043478260869,3.822314049586777
114.21195652173913,3.71900826446281
114.29347826086956,3.925619834710744
114.37499999999999,3.71900826446281
114.45652173913042,3.822314049586777
114.53804347826086,4.028925619834711
114.6195652173913,4.028925619834711
114.70108695652173,4.028925619834711
114.78260869565217,4.028925619834711
114.8641304347826,4.132231404958678
114.94565217391303,4.132231404958678
115.02717391304347,4.132231404958678
115.1086956521739,4.338842975206612
115.19021739130434,3.925619834710744
115.27173913043478,4.4421487603305785
115.3532608695652,4.132231404958678
115.43478260869564,4.545454545454546
115.51630434782608,4.338842975206612
115.59782608695652,4.4421487603305785
115.67934782608695,4.235537190082645
115.76086956521738,4.545454545454546
115.84239130434781,4.855371900826446
115.92391304347825,4.958677685950414
116.00543478260869,4.958677685950414
116.08695652173913,4.855371900826446
116.16847826086956,5.1652892561983474
116.24999999999999,4.855371900826446
116.33152173913042,5.268595041322314
116.41304347826086,5.06198347107438
116.4945652173913,5.371900826446281
116.57608695652173,5.475206611570248
116.65760869565217,5.268595041322314
116.7391304347826,5.475206611570248
116.82065217391303,5.681818181818182
116.90217391304347,5.681818181818182
116.9836956521739,5.371900826446281
117.06521739130434,5.8884297520661155
117.14673913043478,5.8884297520661155
117.2282608695652,5.681818181818182
117.30978260869564,6.095041322314049
117.39130434782608,6.095041322314049
117.47282608695652,6.198347107438017
117.55434782608695,5.785123966942149
117.63586956521738,6.301652892561983
117.71739130434781,6.301652892561983
117.79891304347825,6.404958677685951
117.88043478260869,6.508264462809917
117.96195652173913,6.198347107438017
118.04347826086956,6.301652892561983
118.12499999999999,6.404958677685951
118.20652173913042,6.818181818181818
118.28804347826086,6.818181818181818
118.3695652173913,6.404958677685951
118.45108695652173,7.024793388429752
118.53260869565217,7.024793388429752
118.6141304347826,6.921487603305786
118.69565217391303,6.921487603305786
118.77717391304347,7.12809917355372
118.8586956521739,7.231404958677686
118.94021739130434,7.334710743801653
119.02173913043478,7.334710743801653
119.1032608695652,7.231404958677686
119.18478260869564,7.541322314049587
119.26630434782608,7.644628099173554
119.34782608695652,7.334710743801653
119.42934782608695,7.747933884297521
119.51086956521738,7.541322314049587
119.59239130434781,7.851239669421488
119.67391304347825,7.43801652892562
119.75543478260869,7.541322314049587
119.83695652173913,7.747933884297521
119.91847826086956,8.161157024793388
119.99999999999999,8.47107438016529
120.08152173913042,7.747933884297521
120.16304347826086,8.78099173553719
120.2445652173913,8.47107438016529
120.32608695652173,9.090909090909092
120.40760869565217,9.297520661157025
120.4891304347826,9.400826446280991
120.57065217391303,9.607438016528926
120.65217391304347,9.50413223140496
120.7336956521739,9.297520661157025
120.81521739130434,9.917355371900827
120.89673913043478,9.81404958677686
120.9782608695652,10.330578512396695
121.05978260869564,10.433884297520661
121.14130434782608,10.743801652892563
121.22282608695652,10.950413223140496
121.30434782608695,10.640495867768596
121.38586956521738,10.433884297520661
121.46739130434781,11.053719008264464
121.54891304347825,11.570247933884298
121.63043478260869,11.776859504132231
121.71195652173913,11.260330578512397
121.79347826086956,12.190082644628099
121.87499999999999,12.086776859504132
121.95652173913042,12.086776859504132
122.03804347826086,12.190082644628099
122.1195652173913,12.293388429752067
122.20108695652173,12.809917355371901
122.28260869565217,13.223140495867769
122.3641304347826,13.016528925619834
122.44565217391303,13.223140495867769
122.52717391304347,13.636363636363637
122.6086956521739,13.842975206611571
122.69021739130434,13.842975206611571
122.77173913043478,13.636363636363637
122.8532608695652,13.946280991735538
122.93478260869564,14.359504132231406
123.01630434782608,14.462809917355372
123.09782608695652,14.772727272727273
123.17934782608695,15.082644628099175
123.26086956521738,14.566115702479339
123.34239130434781,14.772727272727273
123.42391304347825,15.495867768595042
123.50543478260869,15.082644628099175
123.58695652173913,15.702479338842975
123.66847826086956,15.599173553719009
123.74999999999999,16.115702479338843
123.83152173913042,15.495867768595042
123.91304347826086,15.702479338842975
123.9945652173913,15.90909090909091
124.07608695652173,16.838842975206614
124.15760869565217,16.838842975206614
124.2391304347826,16.632231404958677
124.32065217391303,17.14876033057851
124.40217391304347,16.735537190082646
124.4836956521739,17.458677685950413
124.56521739130434,17.14876033057851
124.64673913043477,17.458677685950413
124.7282608695652,17.458677685950413
124.80978260869564,17.768595041322314
124.89130434782608,18.388429752066116
124.97282608695652,18.491735537190085
125.05434782608695,18.698347107438018
125.13586956521738,18.90495867768595
125.21739130434781,19.31818181818182
125.29891304347825,19.111570247933884
125.38043478260869,19.421487603305785
125.46195652173913,20.454545454545457
125.54347826086956,20.66115702479339
125.62499999999999,19.834710743801654
125.70652173913042,20.97107438016529
125.78804347826086,20.97107438016529
125.8695652173913,20.867768595041323
125.95108695652173,20.66115702479339
126.03260869565217,22.00413223140496
126.1141304347826,22.210743801652892
126.19565217391303,22.210743801652892
126.27717391304347,22.933884297520663
126.3586956521739,23.140495867768596
126.44021739130434,22.727272727272727
126.52173913043477,23.140495867768596
126.6032608695652,23.863636363636363
126.68478260869564,23.037190082644628
126.76630434782608,24.380165289256198
126.84782608695652,23.96694214876033
126.92934782608695,24.896694214876035
127.01086956521738,24.173553719008265
127.09239130434781,25.3099173553719
127.17391304347825,24.793388429752067
127.25543478260869,25.72314049586777
127.33695652173913,26.136363636363637
127.41847826086956,26.34297520661157
127.49999999999999,25.41322314049587
127.58152173913042,26.34297520661157
127.66304347826086,26.859504132231407
127.7445652173913,27.169421487603305
127.82608695652173,26.75619834710744
127.90760869565217,26.859504132231407
127.9891304347826,28.09917355371901
128.07065217391303,27.685950413223143
128.15217391304347,28.51239669421488
128.2336956521739,28.822314049586776
128.31521739130434,28.40909090909091
128.39673913043478,29.44214876033058
128.47826086956522,28.51239669421488
128.55978260869566,29.028925619834713
128.64130434782606,29.855371900826448
128.7228260869565,29.75206611570248
128.80434782608694,30.06198347107438
128.88586956521738,30.681818181818183
128.9673913043478,30.991735537190085
129.04891304347825,30.268595041322314
129.1304347826087,30.991735537190085
129.21195652173913,30.785123966942148
129.29347826086956,31.09504132231405
129.375,31.50826446280992
129.45652173913044,32.33471074380165
129.53804347826087,32.231404958677686
129.61956521739128,32.95454545454545
129.70108695652172,33.16115702479339
129.78260869565216,32.747933884297524
129.8641304347826,33.67768595041323
129.94565217391303,34.19421487603306
130.02717391304347,34.19421487603306
130.1086956521739,34.400826446280995
130.19021739130434,35.12396694214876
130.27173913043478,35.43388429752066
130.35326086956522,35.43388429752066
130.43478260869566,36.053719008264466
130.51630434782606,35.64049586776859
130.5978260869565,36.67355371900827
130.67934782608694,37.086776859504134
130.76086956521738,36.77685950413223
130.8423913043478,37.29338842975207
130.92391304347825,37.70661157024794
131.0054347826087,38.01652892561984
131.08695652173913,37.8099173553719
131.16847826086956,38.22314049586777
131.25,38.63636363636364
131.33152173913044,39.35950413223141
131.41304347826087,39.049586776859506
131.49456521739128,39.35950413223141
131.57608695652172,40.28925619834711
131.65760869565216,39.25619834710744
131.7391304347826,39.97933884297521
131.82065217391303,40.909090909090914
131.90217391304347,41.83884297520661
131.9836956521739,40.392561983471076
132.06521739130434,42.25206611570248
132.14673913043478,42.35537190082645
132.22826086956522,42.97520661157025
132.30978260869566,43.28512396694215
132.39130434782606,42.66528925619835
132.4728260869565,43.904958677685954
132.55434782608694,44.214876033057855
132.63586956521738,44.52479338842976
132.7173913043478,44.83471074380165
132.79891304347825,44.214876033057855
132.8804347826087,45.35123966942149
132.96195652173913,45.557851239669425
133.04347826086956,45.97107438016529
133.125,46.38429752066116
133.20652173913044,46.38429752066116
133.28804347826087,46.69421487603306
133.36956521739128,47.210743801652896
133.45108695652172,47.72727272727273
133.53260869565216,48.03719008264463
133.6141304347826,46.79752066115702
133.69565217391303,48.65702479338843
133.77717391304347,48.86363636363637
133.8586956521739,48.1404958677686
133.94021739130434,49.48347107438017
134.02173913043478,50.0
134.10326086956522,49.896694214876035
134.18478260869566,49.17355371900827
134.26630434782606,49.17355371900827
134.3478260869565,50.413223140495866
134.42934782608694,50.929752066115704
134.51086956521738,51.239669421487605
134.5923913043478,52.06611570247934
134.67391304347825,52.16942148760331
134.7554347826087,52.47933884297521
134.83695652173913,52.892561983471076
134.91847826086956,52.99586776859504
135.0,53.719008264462815
135.08152173913044,54.13223140495868
135.16304347826087,54.33884297520661
135.24456521739128,54.54545454545455
135.32608695652172,55.268595041322314
135.40760869565216,55.47520661157025
135.4891304347826,55.47520661157025
135.57065217391303,56.19834710743802
135.65217391304347,56.714876033057855
135.7336956521739,57.12809917355372
135.81521739130434,57.43801652892562
135.89673913043478,57.43801652892562
135.97826086956522,56.714876033057855
136.05978260869566,57.43801652892562
136.14130434782606,58.88429752066116
136.2228260869565,58.88429752066116
136.30434782608694,58.78099173553719
136.38586956521738,59.29752066115703
136.4673913043478,60.3305785123967
136.54891304347825,60.6404958677686
136.6304347826087,60.53719008264463
136.71195652173913,61.15702479338843
136.79347826086956,61.570247933884296
136.875,61.570247933884296
136.95652173913044,62.29338842975207
137.03804347826087,62.29338842975207
137.11956521739128,63.01652892561984
137.20108695652172,63.53305785123967
137.28260869565216,63.94628099173554
137.3641304347826,64.25619834710744
137.44565217391303,64.6694214876033
137.52717391304347,64.25619834710744
137.6086956521739,64.0495867768595
137.69021739130434,64.56611570247934
137.77173913043478,66.01239669421487
137.85326086956522,66.42561983471074
137.93478260869566,66.83884297520662
138.01630434782606,65.9090909090909
138.0978260869565,67.56198347107438
138.17934782608694,67.45867768595042
138.26086956521738,68.28512396694215
138.3423913043478,68.49173553719008
138.42391304347825,68.59504132231405
138.5054347826087,69.31818181818183
138.58695652173913,69.00826446280992
138.66847826086956,70.0413223140496
138.75,70.35123966942149
138.83152173913044,69.52479338842976
138.91304347826085,70.76446280991736
138.99456521739128,71.48760330578513
139.07608695652172,71.79752066115702
139.15760869565216,71.79752066115702
139.2391304347826,72.10743801652893
139.32065217391303,71.07438016528926
139.40217391304347,72.72727272727273
139.4836956521739,72.31404958677686
139.56521739130434,74.0702479338843
139.64673913043478,74.17355371900827
139.72826086956522,74.48347107438016
139.80978260869566,74.48347107438016
139.89130434782606,75.30991735537191
139.9728260869565,75.30991735537191
140.05434782608694,75.82644628099173
140.13586956521738,75.30991735537191
140.2173913043478,76.2396694214876
140.29891304347825,75.82644628099173
140.3804347826087,76.13636363636364
140.46195652173913,76.54958677685951
140.54347826086956,76.75619834710744
140.625,77.58264462809917
140.70652173913044,77.7892561983471
140.78804347826085,78.09917355371901
140.86956521739128,78.09917355371901
140.95108695652172,78.09917355371901
141.03260869565216,78.71900826446281
141.1141304347826,78.20247933884298
141.19565217391303,79.23553719008265
141.27717391304347,79.13223140495867
141.3586956521739,78.82231404958678
141.44021739130434,80.06198347107438
141.52173913043478,80.26859504132231
141.60326086956522,79.64876033057851
141.68478260869566,80.16528925619835
141.76630434782606,81.19834710743802
141.8478260869565,80.47520661157024
141.92934782608694,81.50826446280992
142.01086956521738,81.81818181818183
142.0923913043478,81.40495867768595
142.17391304347825,81.30165289256199
142.2554347826087,82.5413223140496
142.33695652173913,82.33471074380165
142.41847826086956,82.33471074380165
142.5,82.74793388429752
142.58152173913044,83.67768595041322
142.66304347826085,83.98760330578513
142.74456521739128,83.67768595041322
142.82608695652172,83.47107438016529
142.90760869565216,84.50413223140497
142.9891304347826,83.88429752066116
143.07065217391303,85.12396694214877
143.15217391304347,84.60743801652893
143.2336956521739,85.22727272727273
143.31521739130434,85.64049586776859
143.39673913043478,86.05371900826447
143.47826086956522,86.46694214876034
143.55978260869566,86.77685950413223
143.64130434782606,86.2603305785124
143.7228260869565,86.46694214876034
143.80434782608694,86.8801652892562
143.88586956521738,86.5702479338843
143.9673913043478,86.67355371900827
144.04891304347825,87.80991735537191
144.1304347826087,88.22314049586777
144.21195652173913,88.42975206611571
144.29347826086956,88.94628099173553
144.375,89.15289256198348
144.45652173913044,88.22314049586777
144.53804347826085,89.04958677685951
144.61956521739128,89.97933884297521
144.70108695652172,89.35950413223141
144.78260869565216,89.6694214876033
144.8641304347826,90.18595041322314
144.94565217391303,90.49586776859505
145.02717391304347,90.39256198347108
145.1086956521739,90.2892561983471
145.19021739130434,90.49586776859505
145.27173913043478,91.01239669421489
145.35326086956522,91.11570247933885
145.43478260869566,91.11570247933885
145.51630434782606,90.9090909090909
145.5978260869565,91.52892561983471
145.67934782608694,91.63223140495867
145.76086956521738,91.32231404958678
145.8423913043478,91.73553719008265
145.92391304347825,91.32231404958678
146.0054347826087,91.63223140495867
146.08695652173913,91.83884297520662
146.16847826086956,92.25206611570248
146.25,92.35537190082646
146.33152173913044,92.04545454545455
146.41304347826085,92.35537190082646
146.49456521739128,92.76859504132231
146.57608695652172,92.56198347107438
146.65760869565216,92.97520661157026
146.7391304347826,92.87190082644628
146.82065217391303,92.66528925619835
146.90217391304347,93.28512396694215
146.9836956521739,92.87190082644628
147.06521739130434,93.18181818181819
147.14673913043478,93.28512396694215
147.22826086956522,93.07851239669422
147.30978260869566,93.49173553719008
147.39130434782606,94.00826446280992
147.4728260869565,93.59504132231405
147.55434782608694,94.21487603305785
147.63586956521738,94.11157024793388
147.7173913043478,94.31818181818183
147.79891304347825,94.52479338842976
147.8804347826087,94.62809917355372
147.96195652173913,94.73140495867769
148.04347826086956,94.62809917355372
148.125,94.93801652892563
148.20652173913044,95.0413223140496
148.28804347826085,94.73140495867769
148.36956521739128,95.14462809917356
148.45108695652172,95.35123966942149
148.53260869565216,94.93801652892563
148.6141304347826,95.55785123966942
148.69565217391303,95.76446280991736
148.77717391304347,95.14462809917356
148.8586956521739,95.97107438016529
148.94021739130434,96.07438016528926
149.02173913043478,96.17768595041322
149.10326086956522,95.76446280991736
149.18478260869566,95.76446280991736
149.26630434782606,96.38429752066116
149.3478260869565,96.38429752066116
149.42934782608694,96.69421487603306
149.51086956521738,96.79752066115702
149.5923913043478,96.48760330578513
149.67391304347825,96.90082644628099
149.7554347826087,97.10743801652893
149.83695652173913,96.69421487603306
149.91847826086956,96.79752066115702
